run_id,run_date,rank,score,idea_id,idea_name,idea_slug,market,target_user,core_loop,evidence_summary
app_factory_220354,2026-01-06,2,9.1,neurodash_002,NeuroDash,neurodash,ADHD focus management,"Adults with ADHD, autism, or other neurodivergent conditions seeking flexible productivity support",Energy level check-in → Adaptive task suggestions → Flexible focus sessions → Pattern recognition and adjustment,Neurodivergent users abandoning productivity apps within weeks due to inflexible structure requirements
run_185842,2026-01-06,2,8.9,focusflow_ai_002,FocusFlow AI,focusflow_ai,ADHD focus management,Adults with ADHD seeking executive function support without overwhelming structure,Energy level check-in → AI-suggested task matching → Focus session with adaptive breaks → Pattern learning and adjustment,"ADHD research showing 'disorder of doing what you know' and need for visual, adaptive systems that don't demand rigid adherence"
run_185842,2026-01-06,1,8.7,mindflow_auto_001,MindFlow Auto,mindflow_auto,Decision automation,Busy professionals experiencing decision fatigue and productivity app overwhelm,Morning routine auto-generation → Smart choice elimination → Evening reflection and optimization → Weekly pattern learning,Decision fatigue research showing 'every app switch leaves attention residue' and users seeking single automation source
app_factory_220354,2026-01-06,6,8.7,energyrhythm_006,EnergyRhythm,energyrhythm,Energy-based productivity,Knowledge workers seeking to optimize productivity through awareness of natural energy and focus patterns,Daily energy pattern tracking → Smart task-energy matching → Circadian-optimized scheduling → Energy trend analysis,Users reporting poor task completion when fighting against natural energy rhythms instead of working with them
market-batch-2026-01-07-run,2026-01-07,1,8.7,cognitive_offload_001,MindSafe,mindsafe,Cognitive burden reduction,Knowledge workers struggling with information overload and decision fatigue,Passively capture user context and decisions → AI learns patterns and preferences → Proactively surface relevant information → User confirms or adjusts recommendations,Users report: 'I'm tired of apps that require more mental energy to maintain than they save' and 'need something that actually reduces the cognitive load'
app_factory_112152,2026-01-07,3,8.7,burnout_early_signals_003,Burnout Early Signals,burnout_early_signals,and professionals,Knowledge workers and professionals who want to prevent burnout before it happens rather than recover after,"Quick daily energy and stress check-in → Track patterns in energy, mood, and workload → Receive early warning alerts → Get personalized prevention recommendations",Research shows '90% experienced burnout symptoms' and enterprise tools achieve '30% reduction in burnout symptoms' but personal solutions lacking.
batch-specs-201327,2026-01-07,1,8.6,flowstate_002,FlowState,flowstate,Single-session focus environment that consolidates...,Knowledge workers who struggle with productivity loss due to constant app switching and digital interruptions,Launch unified work session → Access consolidated tools in single interface → Block external interruptions automatically → ...,"Productivity research shows employees lose 3.3 hours weekly to app switching, with 56% reporting per..."
batch-specs-213456,2026-01-07,2,8.6,simpleemotion_002,SimpleEmotion,simpleemotion,Diversified consumer life domains,People interested in emotional awareness who find existing mood apps overwhelming or too clinical,Quick mood check-in with simple sliders → Add optional context with minimal effort → View emotional patterns over time,Mood tracking research shows users 'disliked when they felt overwhelmed by the number of options' bu...
app_factory_220354,2026-01-06,1,8.5,quickflow_auto_001,QuickFlow,quickflow_auto,Time-saving automation,Busy professionals who want automation benefits but lack time for complex productivity system management,Morning pattern detection → One-tap routine activation → Background task automation → Evening pattern optimization,Users reporting 'productivity porn' fatigue - spending more time optimizing systems than doing work
app_factory_110218,2026-01-07,1,8.5,contextual_learning_001,Contextual Learning,contextual_learning,Students and lifelong,Students and lifelong learners frustrated with traditional spaced repetition complexity but wanting effective retention,Input new concept or fact → Guided creation of 3 personal contexts/connections → Daily review of context relationships → Adaptive scheduling based on recall confidence,Users report 'preparing cards is big overhead' and 'once you fall behind you're done' with traditional SRS. Need 'multiple contexts' for effective lea...
batch-specs-210945,2026-01-07,1,8.5,thoughtcatcher_002,ThoughtCatcher,thoughtcatcher,Brain dump app that captures random thoughts insta...,Creative professionals and knowledge workers overwhelmed by scattered ideas who struggle with traditional note organization,Instant thought capture via text/voice → AI suggests related previous thoughts → Simple connection drawing → ...,Note-taking users report 'mental clutter is a big-time creativity killer' and need apps that 'transf...
batch-specs-170756,2026-01-07,5,8.5,subclarity_005,SubClarity,subclarity,"['Transparent', 'subscription', 'manager']",Consumers overwhelmed by 12+ subscriptions who struggle with hidden fees and difficult cancellation processes,"Connect bank account for automatic detection, Review subscription costs and usage, Set cancellation reminders before renewals...","Subscription tracking reviews show 'too difficult to navigate', users want apps that don't 'charge subscription to cancel subscriptions'..."
run_185842,2026-01-06,7,8.4,executive_function_007,ExecutiveFunction Pro,executive_function,Executive function support,"Adults with ADHD, autism, or other executive function challenges seeking cognitive support tools",Task breakdown with visual aids → Working memory support → Cognitive load assessment → Achievement tracking and motivation,"ADHD community feedback about task paralysis and need for visual, flexible systems that adapt to changing mental states"
app_factory_220354,2026-01-06,9,8.4,workflowbridge_009,WorkflowBridge,workflowbridge,Workflow automation,Remote professionals using multiple productivity tools who lose time on manual data transfer and context switching,Workflow pattern detection → Automated cross-app data bridging → Context preservation → Workflow optimization suggestions,Remote workers reporting significant productivity losses from app fragmentation and manual data synchronization
diversified-signals-2026-01-07-run,2026-01-07,1,8.4,simple_tasks_001,ClearTasks,cleartasks,Productivity simplification,Overwhelmed users who abandoned complex task managers due to setup complexity,Add task with single tap → View clean task list → Mark complete with swipe → Tasks auto-archive after completion,"App Store reviews: 'Todoist - Why does adding a task need 10 taps?' and 'Any.do - The UI is overwhelming, just want a simple list'"
app_factory_112152,2026-01-07,1,8.4,flexible_anchor_routines_001,Flexible Anchor Routines,flexible_anchor_routines,variable schedules,People with variable schedules who want routine benefits without the guilt when life disrupts rigid systems,Define essential daily anchors → Adapt routine to daily context → Maintain core stability through disruption → Learn personal flexibility patterns,Users report 'routines never last' due to 'structural reasons routines break' and need systems that 'help you stay steady without stress' during chaot...
batch-specs-204537,2026-01-07,1,8.4,authentic_001,Authentic,authentic,Chronological creative platform that displays cont...,Digital creators frustrated with algorithm-driven platforms that hide or manipulate their creative content visibility,Create and share content → View chronological feed without algorithms → Connect directly with followers → ...,"App Store reviews emphasize need for platforms with 'pure, authentic expression' and 'fairness, tran..."
market-batch-2026-01-07-run,2026-01-07,2,8.4,energy_sprint_002,FlowState,flowstate,Energy-aware productivity,Remote workers and creatives who struggle with traditional time-based productivity methods,Track energy levels and focus quality → Learn optimal focus periods → Suggest energy-aligned work sessions → Adapt recommendations based on outcomes,Users complain: 'Focus apps don't work because they ignore my energy levels' and 'I'm forced to work when my brain isn't ready'
batch-specs-201250,2026-01-07,3,8.4,mindfulspend_003,MindfulSpend,mindfulspend,"['Gentle', 'financial', 'awareness']",People who abandoned traditional budget apps due to complexity but want financial awareness without guilt or pressure,"Quick spending check-ins without categories, Gentle reflection prompts before purchases, Simple spending pattern visualization...",Budget app reviews show '#1 reason they quit a budgeting app was too much daily maintenance' and 'wrong budgeting tool leads to burnout'...
app_factory_220354,2026-01-06,3,8.3,familyhub_003,FamilyHub,familyhub,Family logistics coordination,Busy families with children aged 5-18 struggling with coordination across multiple platforms and activities,Unified family calendar → Smart task delegation → Automatic reminder coordination → Family achievement tracking,"Parents reporting decision fatigue from managing separate apps for calendar, chores, allowances, school communications, and activity schedules"
batch-specs-213456,2026-01-07,1,8.3,learnflow_001,LearnFlow,learnflow,Diversified consumer life domains,Students and lifelong learners frustrated with boring flashcard apps who want effective spaced repetition without the tedium,Learn concepts through interactive mini-lessons → Get spaced review prompts with varied formats → Practice with contextual scenarios,"Learning research shows users find 'doing flashcards to be incredibly boring, tedious, and energy-dr..."
batch-specs-201327,2026-01-07,2,8.3,canvas_001,Canvas,canvas,Pure creative expression platform focused on authe...,Digital artists and creators frustrated with algorithm-driven platforms that hide or manipulate their creative content,Create and share authentic content → Discover work through chronological feeds → Connect directly with other creators → ...,"App Store reviews highlight need for platforms with 'no shadowbans, no hidden algorithms, no bias. J..."
run_185842,2026-01-06,3,8.2,secureflow_003,SecureFlow,secureflow,Privacy-first productivity,Privacy-conscious professionals who want productivity tools without data surveillance,Local task creation → Encrypted cross-device sync → Privacy dashboard monitoring → Secure team collaboration,"Privacy movement evidence: 19 countries banned TikTok by 2024, users actively seeking alternatives to surveillance-based productivity tools"
app_factory_220354,2026-01-06,7,8.2,focussimple_007,FocusSimple,focussimple,ADHD-friendly focus environment,"ADHD and easily distracted users who need simple, powerful focus tools without feature overwhelm",One-tap focus activation → Intelligent distraction blocking → Single-task focus sessions → Gentle transition support,Users with attention challenges abandoning complex focus apps due to too many options and settings
batch-specs-170756,2026-01-07,1,8.2,packwise_001,PackWise,packwise,"['Smart', 'travel', 'packing']",Frequent travelers who stress about packing and consistently forget essential items,"Input trip details (destination, duration, activities), Receive personalized packing checklist, Check off items as packed...","Travel blog comments: 'hate packing and hate lists so inevitably either forget something or bring too much', 'need to pack like a few weeks before tra..."
batch-specs-210945,2026-01-07,2,8.2,burnoutwatch_001,BurnoutWatch,burnoutwatch,Personal burnout monitoring app that tracks subtle...,Working professionals who struggle to recognize burnout symptoms before they become severe and impact performance,Daily quick energy check-ins → Track work engagement patterns → Monitor sleep and focus quality → ...,Workplace research shows users experience 'fatigue that lingers no matter how much sleep you get' an...
app_factory_110218,2026-01-07,3,8.2,emotion_context_journal_003,Emotion Context Journal,emotion_context_journal,People seeking deeper,People seeking deeper emotional awareness than basic mood tracking but intimidated by complex therapeutic frameworks,Daily emotion check-in with guided prompts → Context creation around triggers and responses → Pattern recognition through simple visualizations → Weekly reflection with personalized insights,Users find current apps 'too simple' or want 'more note templates'. Professional assessment: 'people with mental health issues may find general tracki...
batch-specs-201250,2026-01-07,5,8.2,dailylingo_005,DailyLingo,dailylingo,"['Micro-practice', 'language', 'learning']",Language learners frustrated with streak pressure who want consistent micro-practice that leads to real speaking ability,"2-minute daily conversation practice, Real-world phrase focus over grammar, Progress measured by speaking confidence...",Long-term Duolingo users: '1107-day streak but barely scratched surface' and 'people logging in not to learn but so they didn't lose'...
run_185842,2026-01-06,5,8.1,energy_flow_005,EnergyFlow,energy_flow,Energy-based productivity,Knowledge workers seeking to optimize productivity through natural energy rhythm awareness,Daily energy pattern tracking → AI-powered task scheduling → Circadian-optimized notifications → Energy trend analysis,"Research on decision quality declining throughout day, users seeking energy-based scheduling to optimize mental performance"
app_factory_220354,2026-01-06,10,8.1,mindfultech_010,MindfulTech,mindfultech,Digital wellness,Digitally overwhelmed individuals seeking healthier technology relationships without additional complexity,Passive usage pattern analysis → Gentle intention prompts → Ambient awareness building → Progressive behavior shifts,Users seeking digital wellness solutions that don't contribute to the problem of too many apps and notifications
batch-specs-201250,2026-01-07,1,8.1,notecleanup_001,NoteCleanup,notecleanup,"['Smart', 'note', 'organization']",Knowledge workers with large note collections who struggle to find information they've previously saved,"Import notes from various apps, AI identifies duplicates and fragments, Suggest cleanup actions with preview...",App Store reviews: 'notes getting lost in the system' and 'can't find notes even when I know they exist' across multiple note-taking platforms...
diversified-signals-2026-01-07-run,2026-01-07,2,8.1,habit_dots_002,HabitDots,habitdots,Simplified habit tracking,People who failed at complex habit trackers and want pure visual progress without gamification,Open app → Tap dot for today → See visual progress grid → Feel satisfaction from pattern completion,"App Store: 'Habitica - I don't want RPG stuff, just track if I did it' and Chrome Extension reviews wanting simpler habit tracking"
batch-specs-204537,2026-01-07,2,8.1,ruleforge_002,RuleForge,ruleforge,Simple personal automation app that creates if-the...,Busy professionals who want task automation but find existing apps too complex or requiring too much manual setup,Define simple if-then rules in plain language → Automate recurring decisions and tasks → Monitor rule effectiveness → ...,User complaints show productivity apps 'require me to manually assign a date and time to every singl...
market-batch-2026-01-07-run,2026-01-07,3,8.1,minimal_habit_003,TinyWins,tinywins,Anti-complexity habit formation,Habit-forming beginners overwhelmed by traditional habit tracking complexity,"Pick one tiny habit → Single-tap confirmation → Invisible progress tracking → Gentle, context-aware reminders",Users report: 'All habit apps are too complicated' and 'I spend more time managing the app than doing the habits'
batch-specs-201327,2026-01-07,3,8.1,studybuddy_003,StudyBuddy,studybuddy,Offline-first study companion that syncs when conn...,Students in areas with poor connectivity who struggle with study apps that require constant internet access,Download study materials when connected → Study completely offline with notes and quizzes → Track progress locally → ...,Educational research shows 'internet access is dependent on context and is a major constraint on opp...
app_factory_112152,2026-01-07,10,8.1,flow_state_prep_010,Flow State Prep,flow_state_prep,creative professionals,Knowledge workers and creative professionals who want to maximize deep work sessions and achieve flow states more consistently,Prepare environment and mindset for deep work → Track conditions that lead to flow states → Get personalized flow preparation recommendations → Optimize timing and setup for peak performance,Momentum research shows value in 'breaking tasks into manageable segments' and 'customized experiences' for optimal performance states.
app_factory_220354,2026-01-06,5,8.0,creativeflow_005,CreativeFlow,creativeflow,Creative workflow enhancement,Freelance designers and small creative teams juggling multiple tools for each project,Project setup with tool integration → Unified timeline and asset tracking → In-context feedback and approvals → Version control across platforms,Creative professionals reporting productivity loss from constant context switching and file management overhead
run_185842,2026-01-06,8,8.0,choice_less_008,ChoiceLess,choice_less,Decision elimination,Overwhelmed professionals seeking to reduce decision fatigue through intelligent automation,Choice audit and identification → Smart default setup → Automated decision execution → Outcome tracking and optimization,"Decision fatigue research showing users want apps that eliminate rather than add choices, seeking 'decision-free living' solutions"
batch-specs-170756,2026-01-07,3,8.0,retainify_003,Retainify,retainify,"['Gentle', 'spaced', 'repetition']",Students and lifelong learners frustrated with poor retention despite significant study time investment,"Snap photo or type key concept learned, Get gentle reminder notification after optimal interval, Quick 30-second review...","Educational studies show students 'spend hours studying, only to forget everything days later' and 'rereading same material over and over, never reall..."
batch-specs-210945,2026-01-07,3,8.0,ideaflow_007,IdeaFlow,ideaflow,Visual idea organization tool that helps creative ...,Creative professionals and researchers who think visually and struggle with linear note-taking systems,Capture ideas as visual nodes → Arrange thoughts spatially → Draw connections between ideas → ...,Creative workers describe apps that 'generate article outlines from your scattered thoughts' and hel...
batch-specs-213456,2026-01-07,5,8.0,studyengager_005,StudyEngager,studyengager,Diversified consumer life domains,Students who abandoned flashcard apps due to boredom but still need effective spaced repetition learning,Progress through story-based learning adventures → Answer contextual questions as story challenges → Unlock new story chapters with learning progress,Educational app reviews show students want 'alternatives to Anki less complicated' and find traditio...
batch-specs-201250,2026-01-07,8,8.0,spendwise_008,SpendWise,spendwise,"['One-question-per-day', 'financial', 'mindfulness']",People who want financial awareness but find traditional budgeting apps too overwhelming or time-consuming,"Single daily question about spending, Quick reflection on money decisions, Build awareness patterns over time...",Budget app research: 'most powerful software useless if too complicated to use' and users needing 'user-friendly interface'...
app_factory_110218,2026-01-07,10,8.0,micro_skill_builder_010,Micro Skill Builder,micro_skill_builder,Busy professionals who,Busy professionals who want to build skills incrementally without committing to lengthy courses or complex learning systems,Choose skill to practice → Complete 5-minute guided exercise → Track competence progression → Unlock next micro-skill level,Users want 'micro-learning delivery' but find current options 'either too shallow or too demanding' for busy schedules
run_185842,2026-01-06,6,7.9,private_vault_006,PrivateVault,private_vault,Privacy-first data management,Privacy-conscious individuals wanting secure personal data storage without cloud surveillance,Secure document upload → Encrypted categorization → Biometric access control → Selective sharing with encryption,Privacy-first movement driving demand for secure personal data management as users seek alternatives to surveillance-based cloud storage
app_factory_220354,2026-01-06,8,7.9,habitlink_008,HabitLink,habitlink,Habit formation psychology,Individuals who struggle with habit consistency due to forgetting to engage with dedicated habit tracking apps,Ambient cue integration → Passive habit detection → Contextual reinforcement → Background pattern optimization,High abandonment rates of habit tracking apps due to the need to remember to use yet another app
app_factory_112152,2026-01-07,2,7.9,creative_momentum_pulse_002,Creative Momentum Pulse,creative_momentum_pulse,and freelancers,Creative professionals and freelancers who struggle to maintain momentum between projects and through creative blocks,Log daily creative work with simple metrics → Visualize momentum patterns over time → Get gentle nudges during low-momentum periods → Celebrate progress without perfectionist pressure,Evidence shows 'perfectionism stalls creative process' and creators need 'community accountability with daily progress tracking' but lack creative-spe...
diversified-signals-2026-01-07-run,2026-01-07,3,7.9,note_capture_003,QuickNote,quicknote,Frictionless note capture,Note-takers who abandoned apps like Obsidian/Roam due to complexity and want frictionless capture,Open app to blank note → Start typing immediately → Notes auto-save → Swipe to start new note,"YouTube comments: 'I just want to write things down, not build a graph' and Obsidian App Store reviews about learning curve complexity"
batch-specs-204537,2026-01-07,3,7.9,focusflow_006,FocusFlow,focusflow,Adaptive focus sessions that adjust timing and bre...,People with attention challenges who find rigid focus timers don't match their natural attention patterns,Start adaptive focus session → System adjusts timing based on your patterns → Smart break suggestions when attention dips → ...,ADHD app research shows users 'love this app' and find 'significant improvements in concentration' w...
market-batch-2026-01-07-run,2026-01-07,4,7.9,context_planner_004,ContextAI,contextai,Context-sensitive planning,Busy professionals whose days are unpredictable and don't fit rigid planning systems,Input daily context and constraints → AI suggests realistic plan → Track actual execution vs plan → Learn and improve future planning,Users complain: 'My planner doesn't understand my life context' and 'rigid schedules break when real life happens'
batch-specs-201327,2026-01-07,4,7.9,taskmerge_007,TaskMerge,taskmerge,Task consolidation app that groups related activit...,Professional workers overwhelmed by fragmented task management across multiple apps and platforms,Import tasks from various sources → Smart grouping by context and priority → Work on batched related tasks → ...,Workplace studies show 20% of cognitive capacity lost during context switching with average 9.5 minu...
batch-specs-210945,2026-01-07,4,7.9,energytrack_006,EnergyTrack,energytrack,Simple energy level tracker that helps identify pa...,Busy professionals who experience energy fluctuations but struggle to identify patterns or early warning signs,Quick daily energy ratings → Track energy vs. sleep/work patterns → Identify energy drain sources → ...,Burnout research shows early signs include 'persistent fatigue' and 'inability to concentrate' that ...
batch-specs-213456,2026-01-07,6,7.9,feelingsflow_006,FeelingsFlow,feelingsflow,Diversified consumer life domains,Busy individuals who want emotional awareness but struggle with traditional text-based journaling requirements,Record quick voice notes about feelings → Tag emotions with simple visual icons → Review emotional patterns through timeline,Emotion tracking app reviews emphasize need for 'simple emotion diary app feelings' that allows 'eas...
app_factory_110218,2026-01-07,7,7.9,learning_momentum_007,Learning Momentum,learning_momentum,Adult learners who,Adult learners who want to track learning progress without the guilt and pressure of daily habit requirements,Log learning activity when it happens → Track momentum rather than streaks → Celebrate restart efforts after breaks → View long-term learning trajectory,Users report 'once you fall behind you're done' with traditional systems and want 'progress tracking without daily pressure'
batch-specs-201250,2026-01-07,10,7.9,speakdaily_010,SpeakDaily,speakdaily,"['Speaking-first', 'language', 'practice']",Language learners who maintain long streaks but can't speak confidently and want practical conversation skills,"Daily 60-second conversation prompt, Practice speaking response aloud, Get feedback on pronunciation and flow...","Language learning analysis: 'friend has 1,500-day streak but struggles with speaking fluently' and 'memorizing translations instead of thinking'..."
run_185842,2026-01-06,4,7.8,creative_flow_004,CreativeFlow,creative_flow,Creative workflow management,Small creative teams and freelancers juggling multiple tools for project management,Project setup with asset linking → Visual timeline tracking → Inline feedback on files → Version control and approval,Creative teams report friction from 'managing different elements with different tools' and file management becoming 'extremely overwhelming'
app_factory_220354,2026-01-06,4,7.8,vaultkeeper_004,VaultKeeper,vaultkeeper,Privacy-first alternatives,Privacy-conscious individuals who need secure document storage without cloud surveillance concerns,Secure document upload → Local encryption and categorization → Biometric access control → Private encrypted sync,Growing distrust of major cloud providers scanning documents for AI training and government compliance
app_factory_110218,2026-01-07,2,7.8,simple_writing_streaks_002,Simple Writing Streaks,simple_writing_streaks,Creative writers and,Creative writers and content creators who need accountability without complex project management features,Set daily writing goal → Track writing session with simple timer → Log word count and project progress → Maintain streak visualization and project momentum,Writers report 'hitting roadblock with free version' of habit apps and want 'writing habit trackers that integrate with creative workflow'
batch-specs-213456,2026-01-07,3,7.8,momentumkeeper_003,MomentumKeeper,momentumkeeper,Diversified consumer life domains,Creative professionals who struggle with inconsistent creative output and want to understand their productive patterns,Log daily creative work and energy levels → Identify peak creative periods → Get momentum warnings when productivity drops,Creative productivity research shows need for tools that 'keep ideas flowing and projects on track w...
batch-specs-201250,2026-01-07,4,7.8,fieldflow_004,FieldFlow,fieldflow,"['Ultra-simple', 'workflow', 'app']","Construction workers, mechanics, and field service technicians frustrated by complex apps that slow down their work","One-tap job start/finish logging, Photo upload with automatic tagging, Simple voice note recording...",Construction worker feedback: 'This complicates it and adds time to every job' and 'construction software so complicated needs highly trained individu...
batch-specs-204537,2026-01-07,4,7.8,flowmind_003,FlowMind,flowmind,Executive function support app designed specifical...,Adults with ADHD who struggle with executive function and need adaptive support without rigid structure requirements,Check current energy and focus levels → Get adaptive task suggestions → Use visual working memory aids → ...,ADHD research shows users need apps that help with 'working memory' and 'executive function' beyond ...
app_factory_112152,2026-01-07,5,7.8,energy_rhythm_tracker_005,Energy Rhythm Tracker,energy_rhythm_tracker,Knowledge workers,Knowledge workers who experience inconsistent energy levels and want to optimize their daily rhythm without complex health tracking,"Simple daily energy level logging → Track correlation with sleep, food, work patterns → Learn personal energy rhythms → Get timing recommendations for optimal performance",Research shows effectiveness of 'integrating sleep habits and nutrition data to predict stress' but current solutions are complex or enterprise-focuse...
batch-specs-201327,2026-01-07,5,7.8,simpletap_004,SimpleTap,simpletap,Large-button utility app for common daily tasks de...,Older adults frustrated with small text and complicated menus who need simple tools for daily digital tasks,"Choose task from large, clear buttons → Complete action with minimal steps → Get simple confirmation feedback → ...","Senior usability research shows 'technology can often leave seniors feeling overwhelmed, excluded, a..."
batch-specs-210945,2026-01-07,5,7.8,simpletools_004,SimpleTools,simpletools,Collection of essential utility functions that wor...,Privacy-conscious users frustrated with permission-heavy apps who need basic tools without data collection,Access utilities without permissions → Use tools completely offline → No data collection or tracking → ...,Privacy research shows 'top Android apps require 11 dangerous permissions on average' with users see...
run_185842,2026-01-06,10,7.7,workflow_sync_010,WorkflowSync,workflow_sync,Creative workflow synchronization,Creative professionals and teams working across multiple design platforms and collaboration tools,Multi-platform file sync → Version conflict resolution → Team notification system → Project timeline tracking,"Creative teams frustrated by 'seamless imports, exports, file sync' challenges across Adobe, Figma, and other creative tools"
diversified-signals-2026-01-07-run,2026-01-07,4,7.7,focus_timer_004,SimpleTimer,simpletimer,Flexible focus timing,Focus app users frustrated by rigid timers that don't accommodate real-world interruptions,Set simple timer → Work during session → Pause if interrupted without penalty → Resume when ready,"Chrome Extension reviews: 'StayFocusd - Timer is too rigid, real life isn't predictable' and Forest app reviews about session interruption"
market-batch-2026-01-07-run,2026-01-07,5,7.7,stress_escape_005,EscapeHatch,escapehatch,Emergency stress relief,"High-stress individuals who need immediate, practical tools for emotional regulation during work",Detect stress trigger moment → Choose quick intervention technique → Complete 30-90 second exercise → Track effectiveness for personalization,Users need: 'Quick way to reset when overwhelmed' and 'emergency stress relief that actually works in the moment'
batch-specs-204537,2026-01-07,5,7.7,mindspace_009,MindSpace,mindspace,Visual workspace for ADHD users that externalizes ...,"Adults with ADHD who struggle with working memory and need visual, spatial tools to manage information and tasks",Organize thoughts and tasks spatially → Use visual cues for memory support → Create flexible visual systems → ...,"ADHD research shows users need 'visual, adaptive systems' that help with 'working memory' and execut..."
batch-specs-201327,2026-01-07,6,7.7,mindfulbreak_010,MindfulBreak,mindfulbreak,Intentional boredom cultivation app that guides us...,Users interested in digital wellness who want structured alternatives to screen time rather than just blocking apps,Schedule meaningful break periods → Choose guided offline activities → Engage in intentional boredom exercises → ...,"Digital detox app reviews show users appreciate apps that 'address stress, boredom, or anxiety' with..."
batch-specs-210945,2026-01-07,6,7.7,decidepause_010,DecidePause,decidepause,Decision delay app that implements cooling-off per...,Impulse shoppers and decision-makers who want structured delays to make more thoughtful choices,Set decision delay rules → Register important decisions → Enforce cooling-off periods → ...,Decision-making research shows users benefit from '24-Hour Rule' and 'setting a timer and forcing yo...
app_factory_110218,2026-01-07,9,7.7,reflection_guide_009,Reflection Guide,reflection_guide,People wanting deeper,People wanting deeper self-understanding through reflection but intimidated by complex therapeutic or journaling systems,Daily guided reflection prompt → Simple framework for processing experiences → Pattern recognition over time → Weekly insights summary,Users seek 'self-reflection scaffolding' and report feeling overwhelmed by 'complex therapeutic frameworks' in existing apps
app_factory_112152,2026-01-07,9,7.7,micro_stress_release_009,Micro Stress Release,micro_stress_release,Busy professionals,Busy professionals who experience stress throughout the day but don't have time for traditional stress management approaches,Detect stress moments through quick check-in → Access 30-90 second relief techniques → Track which methods work best → Build personalized stress intervention toolkit,Stress research emphasizes need for 'daily accessible support' and 'tools that fit naturally into busy schedules' rather than lengthy interventions.
batch-specs-170756,2026-01-07,9,7.7,studystack_009,StudyStack,studystack,"['Micro-review', 'app', 'that']",Students who want better retention but find traditional spaced repetition apps too complex or time-consuming,"Capture study material with camera or notes, Receive daily 30-second review prompts, Mark understanding level...","Learning app research shows students 'forget everything during exam' due to cramming, need better retention without complexity..."
batch-specs-213456,2026-01-07,9,7.7,memorymate_009,MemoryMate,memorymate,Diversified consumer life domains,Adult learners who find flashcard apps boring but want effective spaced repetition for professional development,Chat with AI about topics you're learning → Get questions naturally woven into conversations → Review through follow-up discussions,Learning app research shows users seeking 'simple alternative to ANKI' that avoids 'endless flashcar...
run_185842,2026-01-06,9,7.6,focus_space_009,FocusSpace,focus_space,ADHD-friendly focus environment,ADHD professionals needing distraction-free work environment without complex productivity features,Distraction blocking activation → Single-task focus session → Visual progress tracking → Gentle transition reminders,"ADHD users reporting need for 'one app, one purpose' solutions to reduce app switching friction and attention residue"
app_factory_112152,2026-01-07,4,7.6,contextual_block_breaker_004,Contextual Block Breaker,contextual_block_breaker,creative professionals,"Writers, content creators, and creative professionals who experience creative blocks and need adaptive assistance",Input current project context and creative state → Receive tailored block-breaking exercises → Track what techniques work best → Build personalized creative unblocking toolkit,Users report that 'environmental changes can spark fresh ideas' and value 'apps with writing prompts' but need context-aware rather than generic assis...
app_factory_110218,2026-01-07,5,7.6,focus_pattern_tracker_005,Focus Pattern Tracker,focus_pattern_tracker,Knowledge workers who,Knowledge workers who want to understand their focus patterns but are overwhelmed by complex productivity systems,Start simple focus session timer → Rate session quality after completion → Track environmental factors and energy → View pattern insights weekly,Users find productivity apps 'either too simple or too complex' and want focus insights without 'overwhelming features'
batch-specs-170756,2026-01-07,6,7.6,minimind_006,MiniMind,minimind,"['Ultra-simple', 'daily', 'task']",People overwhelmed by complex productivity systems who want to accomplish meaningful daily progress without tool complexity,"Choose maximum 3 important tasks for today, Check off completed tasks, Celebrate daily wins...","Productivity app complaints of 'overwhelmed and burned out', users prefer 'keeping things simple and doing the work'..."
batch-specs-201250,2026-01-07,6,7.6,paperstash_006,PaperStash,paperstash,"['Digital', 'shoebox', 'for']",Note-takers overwhelmed by organizational systems who just want to dump thoughts and find them later,"Quick note capture without categories, Powerful full-text search, Smart suggestions based on content...",Note-taking app complaints about 'work well initially but become problematic as note collections grow' and difficulty with retrieval...
batch-specs-204537,2026-01-07,6,7.6,expresssafe_007,ExpressSafe,expresssafe,Creative sharing app with built-in identity verifi...,"Digital artists who want to share work in communities free from bots, fake accounts, and algorithmic manipulation",Verify creator identity once → Share work in verified community → Connect with real humans only → ...,Creative app reviews show concerns about 'authenticity and safety' with platforms where users questi...
batch-specs-201327,2026-01-07,7,7.6,learnlocal_008,LearnLocal,learnlocal,Community-based offline learning app that enables ...,Students in low-connectivity areas who struggle with educational apps that require constant internet access,Download educational content in connected areas → Share content locally with nearby students → Study collaboratively offline → ...,Educational access studies show students 'go to great lengths in search of stable Wi-Fi connection' ...
batch-specs-210945,2026-01-07,7,7.6,timezone_003,TimeZone,timezone,Personal time zone coordinator for remote workers ...,Remote workers and frequent travelers who coordinate with teams across multiple time zones and make scheduling mistakes,Add key contacts with time zones → Visual time overlap finder → One-tap meeting scheduling → ...,Remote workers report 'it's impossible to keep track of everyone's local time zone all the time' and...
batch-specs-213456,2026-01-07,7,7.6,creativerhythm_007,CreativeRhythm,creativerhythm,Diversified consumer life domains,Artists and creatives who experience inconsistent creative output and want to optimize their creative work schedules,Track daily creative energy levels → Log creative work completed and quality → Identify peak creative time patterns,Creative productivity research shows artists need tools to 'overcome creative blocks' and maintain '...
batch-specs-213456,2026-01-07,4,7.5,boredombuddy_004,BoredomBuddy,boredombuddy,Diversified consumer life domains,Users seeking digital wellness who struggle with phone-free time and need structured alternatives to scrolling,Select available time and current mood → Get personalized offline activity suggestions → Track completed activities and satisfaction,Digital wellness research shows users need 'activities to get rid of boredom without smartphone' wit...
diversified-signals-2026-01-07-run,2026-01-07,5,7.5,digital_planner_005,CleanPlanner,cleanplanner,Digital planner apps,PDF planner users who want the same clean layouts but with the convenience of a mobile app,Open today's clean page layout → Fill in planned items and priorities → Check off completed items → Page auto-resets for tomorrow,Gumroad/Etsy reviews: 'Wish there was an app version of this exact layout' and 'Digital planners in apps are never as clean as these PDFs'
market-batch-2026-01-07-run,2026-01-07,6,7.5,energy_tracker_006,VitalPulse,vitalpulse,Energy pattern intelligence,People experiencing inconsistent energy levels who want to identify patterns without complex health tracking,Quick daily energy check-in → Log key activities and factors → Identify energy patterns → Get personalized energy optimization tips,Users say: 'I need to understand why I'm tired all the time' and 'wish I could predict my energy crashes'
batch-specs-204537,2026-01-07,7,7.5,simpleutils_004,SimpleUtils,simpleutils,Collection of basic utility functions that work en...,Privacy-conscious users who need basic utility functions but avoid apps with excessive permission requests,Access utilities without any permissions → Use tools completely offline → No data collection or tracking → ...,Research shows 'six-in-ten downloaders have chosen not to install an app when they discovered how mu...
batch-specs-201327,2026-01-07,8,7.5,pausespace_005,PauseSpace,pausespace,Flexible digital break app that creates intentiona...,Users seeking digital detox but frustrated with all-or-nothing blocking apps that don't fit their work schedules,Schedule flexible pause periods → Enter gentle offline mode → Engage with intentional boredom activities → ...,"Digital detox research shows users frustrated with rigid blocking, citing 'you can't schedule sessio..."
app_factory_112152,2026-01-07,6,7.4,steady_state_habits_006,Steady State Habits,steady_state_habits,People,People who have failed at traditional habit tracking due to perfectionist pressure and all-or-nothing thinking,Set sustainable habit targets with built-in flexibility → Track steady progress with streak alternatives → Learn from lapses without losing momentum → Build long-term consistency through realistic expectations,Users report that traditional apps 'crush motivation if you miss a day or two' and need 'more realistic approach for many people' to habit formation.
market-batch-2026-01-07-run,2026-01-07,7,7.4,decision_helper_007,ChoiceLess,choiceless,Decision automation,Decision-fatigued professionals who want to eliminate mental overhead from routine choices,Identify recurring decisions → Set decision rules and preferences → Auto-suggest choices based on rules → Refine rules based on satisfaction,Users report: 'Decision fatigue is killing my productivity' and 'I waste hours on trivial decisions'
app_factory_110218,2026-01-07,8,7.4,creative_block_helper_008,Creative Block Helper,creative_block_helper,Creative professionals experiencing,Creative professionals experiencing blocks who want helpful prompts without complex creative methodology training,Request prompt when feeling blocked → Engage with simple creative exercise → Track what types of prompts help most → Build personal prompt library,Creators report needing 'block mitigation tools' and 'simple creative prompts' rather than 'complex creative systems'
batch-specs-204537,2026-01-07,8,7.4,quickrules_008,QuickRules,quickrules,Voice-activated personal rule system that creates ...,Professionals who want automation benefits but find existing tools too technical or time-consuming to set up,Speak automation rules in natural language → System creates and activates rules → Monitor rule performance → ...,Productivity app users complain about 'steep learning curve' and need for apps that 'automate intell...
batch-specs-210945,2026-01-07,8,7.4,pausepoint_005,PausePoint,pausepoint,Micro-intervention app that creates thoughtful pau...,People who make impulsive decisions and want simple tools to pause and reflect without complex meditation practices,Set decision trigger categories → Get gentle pause notifications → Quick reflection prompts → ...,Impulse control research shows users need 'pause points before making decisions' and value 'external...
batch-specs-201250,2026-01-07,9,7.4,fieldtap_009,FieldTap,fieldtap,"['Single-tap', 'job', 'tracking']",Blue-collar workers who need basic job tracking without learning complex software or dealing with complicated interfaces,"Single tap to start job timer, Auto-detect location and project, Simple photo capture with timestamps...","Field worker complaints: 'construction teams don't have time to learn ropes of complex tools' and need 'simple, work on-site'..."
batch-specs-213456,2026-01-07,10,7.4,mindfulmoments_010,MindfulMoments,mindfulmoments,Diversified consumer life domains,Mindfulness beginners who struggle with long meditation apps but want quick mental breaks throughout the day,Get prompted for quick mindfulness moments → Choose 1-5 minute mindfulness exercises → Complete offline breathing or awareness exercises,Digital wellness research shows users want 'digital detox activities' but need 'mindfulness and medi...
batch-specs-201250,2026-01-07,2,7.3,momentum_002,Momentum,momentum,"['Simple', 'creative', 'project']",Freelancers and small creative teams who struggle with inconsistent project delivery and momentum loss,"Log project milestones with simple tap, Track delivery patterns over time, Get gentle warnings before momentum drops...",Creative platform analysis: 'Email threads are where creative momentum goes to die' and 'peaks and valleys signal scattered priorities or running on a...
app_factory_110218,2026-01-07,4,7.3,content_ready_prep_004,Content Ready Prep,content_ready_prep,Content,Content creators frustrated by platform-specific formatting requirements and multi-step publishing workflows,Create content in universal format → Preview across platform layouts → Generate platform-optimized versions → Export ready-to-post content packages,Users report 'complicated workflow issues in social media management' and 'too many steps' for multi-platform content
diversified-signals-2026-01-07-run,2026-01-07,6,7.3,offline_wiki_006,PersonalWiki,personalwiki,Offline knowledge management,Knowledge workers tired of cloud-dependent note apps who want reliable offline access to their information,Add pages for topics → Link related pages simply → Search all content offline → Information always accessible,Chrome Extension reviews wanting offline knowledge tools and YouTube comments about app dependency fatigue
batch-specs-170756,2026-01-07,7,7.3,tripease_007,TripEase,tripease,"['Last-minute', 'travel', 'assistant']",Spontaneous travelers and business travelers who often pack at the last minute and forget important items,"Enter departure time and destination, Get instant essential items checklist, Receive location-based reminders...","Travel comments show 'wait until last minute to pack, total NIGHTMARE', 'left important things at home'..."
batch-specs-201327,2026-01-07,9,7.3,createflow_006,CreateFlow,createflow,Distraction-free creative workspace that blocks so...,Digital creators who struggle to maintain creative focus due to social media interruptions and algorithmic pressure,Start focused creative session → Work in distraction-free environment → Save work without sharing pressure → ...,Creative platform reviews emphasize need for authentic expression tools that aren't subject to algor...
batch-specs-204537,2026-01-07,9,7.3,privacytools_010,PrivacyTools,privacytools,Audit tool that analyzes installed apps' permissio...,Privacy-conscious users who want to understand and minimize the data exposure from their installed apps,Scan installed apps for permissions → Get privacy risk assessment → Discover minimal-permission alternatives → ...,Privacy research shows users concerned about 'permission abuse' and apps that 'collect and sell larg...
batch-specs-210945,2026-01-07,9,7.3,meetingzone_008,MeetingZone,meetingzone,Smart meeting scheduler that finds optimal time sl...,Small team leaders and remote workers who struggle to find meeting times that work across different time zones,Input team member locations → Find overlapping work hours → Suggest optimal meeting times → ...,Remote work coordination shows users need 'one window of overlapping times where most employees can ...
app_factory_112152,2026-01-07,7,7.2,creative_context_notes_007,Creative Context Notes,creative_context_notes,Creative professionals,Creative professionals who work on multiple projects and need to capture and connect inspiration across different contexts,"Capture notes with automatic project context → Connect ideas across different creative projects → Search by project, mood, or inspiration type → Rediscover forgotten ideas when relevant",Creative productivity analysis shows value in 'bringing documents and tasks together' and need for creative-specific organizational tools.
market-batch-2026-01-07-run,2026-01-07,8,7.2,microbreak_coach_008,RestRhythm,restrhythm,Intelligent micro-break coaching,Desk workers and remote professionals who skip breaks and experience burnout from continuous work,Monitor work intensity patterns → Suggest personalized micro-breaks → Track recovery effectiveness → Optimize break timing and content,Users need: 'Reminders to take breaks that aren't annoying' and 'micro-recovery that fits into busy schedules'
batch-specs-213456,2026-01-07,8,7.2,offlineadventure_008,OfflineAdventure,offlineadventure,Diversified consumer life domains,Digital wellness enthusiasts who want to reduce screen time but need motivation and structure for offline activities,Choose offline activity categories to explore → Complete activities and earn achievement badges → Track offline time and activity completion,Digital detox research shows users seeking '200 activities to do instead of being on your phone' wit...
batch-specs-201327,2026-01-07,10,7.2,guideme_009,GuideMe,guideme,Step-by-step video guidance app for older adults l...,"Older adults who feel anxious about technology and need patient, clear guidance for basic smartphone functions",Choose task from simple menu → Watch step-by-step video guide → Practice with gentle prompts → ...,Senior app research shows older users prefer 'video tutorials' over written instructions with need f...
batch-specs-204537,2026-01-07,10,7.2,memestash_005,MemeStash,memestash,Personal meme and reaction image organizer with sm...,Heavy social media users who collect memes and reaction images but struggle to find and organize them effectively,Save memes from various sources → Auto-tag with AI recognition → Quick search by mood/context → ...,"Content management studies show 'content scattered across departments, platforms and authoring tools..."
batch-specs-170756,2026-01-07,2,7.1,memecache_002,MemeCache,memecache,"['Visual', 'meme', 'organization']",Active social media users who save hundreds of memes but struggle to find the right one when needed,"Save memes from any app/browser, Auto-categorize by mood, topic, format, Search by text, emotion, or visual similarity...",Digital organization research shows users struggle with 'too messy' photo libraries and 'can't find' specific content when needed...
app_factory_110218,2026-01-07,6,7.1,simple_habit_dots_006,Simple Habit Dots,simple_habit_dots,People who want,People who want visual habit tracking without subscription limitations or complex goal-setting features,Add habit with chosen color → Tap dot to mark completion → View visual calendar pattern → Celebrate streak milestones,Users frustrated by 'artificial limits' in free versions and 'hitting roadblock' with feature restrictions
diversified-signals-2026-01-07-run,2026-01-07,7,7.1,energy_tracker_007,EnergyLog,energylog,Personal energy management,People who want to understand their energy patterns without complex health tracking or biometric integration,Rate morning energy level → Log major energy drains/gains → See weekly energy patterns → Adjust schedule based on patterns,YouTube comments about energy management and Reddit confirmation of daily energy pattern interest
batch-specs-201250,2026-01-07,7,7.1,creativepulse_007,CreativePulse,creativepulse,"['Simple', 'creative', 'energy']",Independent creatives who struggle with inconsistent output and want to understand their creative energy patterns,"Daily creative energy check-in, Log creative work completed, Track energy vs. output patterns...","Creative analysis: 'when creatives burn out unnoticed, you're paying for tired, ineffective output' and momentum tracking issues..."
batch-specs-210945,2026-01-07,10,7.1,permissioncheck_009,PermissionCheck,permissioncheck,App permission auditor that helps users understand...,Privacy-aware users who install many apps but struggle to monitor and control permission requests over time,Scan installed app permissions → Highlight unnecessary requests → Suggest permission changes → ...,"Privacy studies show users need tools to 'regularly delete unnecessary apps, revoke excessive privac..."
app_factory_112152,2026-01-07,8,7.0,gentle_accountability_008,Gentle Accountability,gentle_accountability,People,People who benefit from accountability but find traditional systems too pressured or shame-inducing,Set personal goals with flexible accountability → Share progress in supportive community environment → Give and receive gentle encouragement → Celebrate all forms of progress without comparison,Research shows value of 'community accountability with daily progress tracking' but many struggle with pressure and judgment in traditional systems.
market-batch-2026-01-07-run,2026-01-07,9,7.0,routine_stabilizer_009,AnchorPoints,anchorpoints,Flexible routine management,People with variable schedules who want routine benefits without rigidity that breaks under life pressure,Define essential routine anchors → Track routine adherence vs disruptions → Adapt routines to changing circumstances → Maintain core stability through change,Users struggle with: 'My routine falls apart constantly' and 'need something that adapts when life gets chaotic'
diversified-signals-2026-01-07-run,2026-01-07,8,6.9,decision_helper_008,ChoiceSimple,choicesimple,Decision support tools,Decision-fatigued individuals who want structured thinking tools without AI or complex analysis,Enter decision to make → List pros and cons simply → Rate importance of each factor → See visual summary to clarify thinking,Twitter replies about decision fatigue and YouTube comments about daily choice overload
batch-specs-170756,2026-01-07,8,6.9,memomood_008,MemoMood,memomood,"['Emotion-based', 'memory', 'organizer']",People who save inspiring content but struggle to find the right piece when they need emotional support or motivation,"Save content with emotion tags, Browse by mood or feeling, Search for content by emotional need...","Digital content organization shows users can't find specific content when needed, especially contextual/emotional content..."
batch-specs-170756,2026-01-07,4,6.8,posturepal_004,PosturePal,posturepal,"['Smart', 'posture', 'coaching']",Office workers with back/neck pain who find existing posture apps too intrusive or inaccurate,"Set up comfortable baseline posture, Receive gentle vibration when slouching detected, Track posture improvement over time...","Posture app reviews cite 'very sensitive default settings' causing 'false alerts for eating', users want solutions that are 'less annoying'..."
market-batch-2026-01-07-run,2026-01-07,10,6.8,focus_physics_010,AttentionLab,attentionlab,Personalized attention training,Neurodivergent individuals and those with attention challenges who don't fit standard focus app approaches,Assess individual attention patterns → Try different focus techniques → Track effectiveness by cognitive type → Personalize attention training program,Users frustrated: 'Focus apps are one-size-fits-all' and 'need something that understands my ADHD/attention patterns'
diversified-signals-2026-01-07-run,2026-01-07,9,6.7,screen_break_009,GentleBreaks,gentlebreaks,Wellness break reminders,Screen workers who want break awareness but find existing apps too aggressive or shame-inducing,Set gentle reminder preferences → Receive subtle break suggestions → Choose to take break or dismiss → No tracking or guilt for skipping,Chrome Extension reviews wanting less aggressive break reminders and YouTube comments about notification fatigue
diversified-signals-2026-01-07-run,2026-01-07,10,6.5,mood_dot_010,MoodDots,mooddots,Simple mood awareness,People interested in mood awareness who find dedicated mental health apps too clinical or complex,Tap daily mood color → See mood pattern calendar → Notice trends visually → Optional brief note about day,App Store reviews wanting simpler mood tracking and YouTube comments about mental health app complexity
batch-specs-170756,2026-01-07,10,6.5,sitsmart_010,SitSmart,sitsmart,"['Phone-based', 'posture', 'trainer']",Remote workers with non-standard desk setups who can't use traditional posture apps due to camera positioning,"Calibrate app to your specific desk setup, Get posture feedback adapted to your camera angle, Receive gentle correction prompts...","Posture app complaints of 'camera doesn't face me directly', 'only see front view', need solutions for varied office setups..."
batch-specs-160132-meadow-spark,2026-01-07,1,8.2,simple_meals_001,Simple Meal Rotation,simple_meal_rotation,"['Busy', 'parents', 'who', 'want', 'predictable', 'family', 'meals', 'wit']",Busy parents who want predictable family meals without recipe complexity or elaborate planning,User adds 10-20 family-approved simple meals to rotation,'All the meal planning apps are over complicated' - HN user seeking simple meal rotation functionali...
batch-specs-160132-meadow-spark,2026-01-07,2,7.8,big_button_life_002,Big Button Life Manager,big_button_life_manager,"['Seniors', '(65+)', 'who', 'want', 'to', 'track', 'medications,', 'appoi']","Seniors (65+) who want to track medications, appointments, and basic tasks without complex smartphone interfaces","Large, clear buttons for common daily tasks (took medicine, called doctor, etc)",BIG Launcher addresses 'too many buttons' problem with 'minimalistic interface' for 'seniors who has...
batch-specs-160132-meadow-spark,2026-01-07,3,7.4,quick_creative_log_003,Quick Creative Log,quick_creative_log,"['Independent', 'artists', 'and', 'creators', 'who', 'want', 'to', 'track']",Independent artists and creators who want to track creative output consistency without complex project management,Quick daily entry: what did you create + time spent,Portfolio platforms have 'limitations' and 'less flexibility' while mobile apps offer 'simplicity' a...
batch-specs-160132-meadow-spark,2026-01-07,4,7.6,one_tap_home_004,One-Tap Home Automation,one_tap_home_automation,"['Non-technical', 'homeowners', 'who', 'want', 'smart', 'home', 'benef']",Non-technical homeowners who want smart home benefits without learning complex automation tools,"Pre-built automation buttons for common scenarios (Movie Night, Bedtime, Away Mode)",Automation tools require 'too much training' and users want alternatives 'without needing code' or t...
batch-specs-160132-meadow-spark,2026-01-07,5,7.2,trip_stack_005,Trip Stack,trip_stack,"['Casual', 'travelers', 'who', 'want', 'basic', 'trip', 'organization']",Casual travelers who want basic trip organization without complex itinerary features or social sharing,"Add trip items to stack (flight, hotel, activity, packing item)",Popular travel apps are 'overwhelming due to complexity' while users prefer 'streamlined format' and...
batch-specs-160132-meadow-spark,2026-01-07,6,8.0,grocery_loop_006,Grocery Loop,grocery_loop,"['Households', 'that', 'buy', 'similar', 'groceries', 'repeatedly', 'a']",Households that buy similar groceries repeatedly and want predictable shopping without complex meal planning,Add items you regularly buy with typical replenish frequency,"Grocery apps create 'more frustration than they solve' with 'clunky, confusing design' and 'overbuil..."
batch-specs-160132-meadow-spark,2026-01-07,7,7.0,pocket_portfolio_007,Pocket Portfolio,pocket_portfolio,"['Visual', 'artists', 'who', 'need', 'to', 'show', 'their', 'work', 'during']","Visual artists who need to show their work during in-person meetings, markets, or casual conversations",Upload artwork with one-sentence descriptions,Portfolio sites have 'limited customization' and 'lack features' while requiring expensive plans for...
batch-specs-160132-meadow-spark,2026-01-07,8,7.5,simple_reminders_008,Simple Reminders Plus,simple_reminders_plus,"['Seniors', 'who', 'want', 'to', 'set', 'medication,', 'appointment,', 'a']","Seniors who want to set medication, appointment, and daily task reminders without typing or complex interfaces",Speak reminder into phone with simple voice commands,"Seniors need 'straightforward, senior-friendly interface' that 'respects simplicity and accessibilit..."
batch-specs-160132-meadow-spark,2026-01-07,9,6.8,daily_wins_log_009,Daily Wins Log,daily_wins_log,"['People', 'seeking', 'simple', 'daily', 'positivity', 'practices', 'w']",People seeking simple daily positivity practices without complex journaling or meditation apps,Daily notification asks: What went well today?,Users want 'beginner-friendly' alternatives to complex apps that 'don't require programming or a lot...
batch-specs-160132-meadow-spark,2026-01-07,10,7.3,travel_essentials_010,Travel Essentials,travel_essentials,"['Infrequent', 'travelers', 'who', 'want', 'to', 'ensure', 'they', ""don't""]",Infrequent travelers who want to ensure they don't forget important items without complex trip planning features,"Select trip type (business, leisure, international, domestic)",Travel apps 'overwhelm' users who want 'streamlined' tools that 'focus on essential' information wit...
batch-specs-171643-prism-delta,2026-01-08,1,8.1,paper_simple_001,Paper Simple,paper_simple,Personal Admin,Adults overwhelmed by personal paperwork,Take photo → AI categorizes → Search by voice → Share instantly,"Document management market growing to $24.34B, users seek simplification"
batch-specs-171643-prism-delta,2026-01-08,2,7.8,access_first_003,AccessFirst,access_first,Accessibility Design,App developers wanting accessible product testing,Upload screens → Disabled users test → Get feedback → Iterate,"Accessibility apps fail as frustrating barriers, need real user testing"
batch-specs-171643-prism-delta,2026-01-08,3,7.7,purchase_pause_005,Purchase Pause,purchase_pause,Mindful Consumption,Online shoppers struggling with impulse purchases,Browser pause → Reflection prompts → Cooling timer → Decide,"Users saved $200/month with mindful purchasing, seek impulse buying help"
batch-specs-171643-prism-delta,2026-01-08,4,7.6,studio_momentum_002,Studio Momentum,studio_momentum,Creative Workflows,Independent artists and creators wanting momentum accountability,Log creative work → See patterns → Celebrate streaks → Share progress,Creative teams need momentum tools without project management complexity
batch-specs-171643-prism-delta,2026-01-08,5,7.5,mindful_cart_010,Mindful Cart,mindful_cart,Mindful Consumption,Online shoppers wanting intentional purchases,Connect cart → Review items → Need vs want analysis → Confirm/remove,"Users battle shopping addiction, want mindful buying choices"
batch-specs-171643-prism-delta,2026-01-08,6,7.4,trip_anchor_004,Trip Anchor,trip_anchor,Travel,Frequent travelers overwhelmed by multiple travel apps,Forward emails → Single screen view → Updates → Offline access,Travel logistics create overwhelming experiences with myriad options
batch-specs-171643-prism-delta,2026-01-08,7,7.3,access_check_008,AccessCheck,access_check,Accessibility,People with disabilities checking physical space accessibility,Search place → View user reports → Add observations → Filter by needs,Accessibility tools fail without real disabled user testing
batch-specs-171643-prism-delta,2026-01-08,8,7.2,call_script_006,Call Script,call_script,Personal Admin,Adults with phone anxiety for administrative calls,Select call type → Get script → Take notes → Save outcomes,Users overwhelmed by bureaucratic tasks seek admin simplification
batch-specs-171643-prism-delta,2026-01-08,9,7.0,creative_trace_007,Creative Trace,creative_trace,Creative Workflows,Artists wanting creative time awareness without project management,Start timer → Stop timer → View patterns → Celebrate streaks,Creatives need momentum tools without complex processes
batch-specs-171643-prism-delta,2026-01-08,10,6.9,travel_essential_009,Travel Essential,travel_essential,Travel,Occasional travelers wanting simple trip preparation,Enter destination → Get packing list → Check off items → Departure reminder,"Travel planning described as daunting, users want simple alternatives"
batch-specs-010718-5233,2026-01-08T02:07:18Z,1,8.2,wash_simple_001,Wash Simple,wash_simple,Home logistics simplification,Busy adults who forget laundry timing,Set wash timer → get notification when ready to move → mark as done,Home organizing apps criticized for being too complicated
batch-specs-010718-5233,2026-01-08T02:07:18Z,2,8.0,creative_dots_002,Creative Dots,creative_dots,Creative output tracking,Artists and creators who need consistent practice,Mark todays creative work done → see visual streak → maintain momentum,Artists want tools that help save brain space for creative work
batch-specs-010718-5233,2026-01-08T02:07:18Z,3,7.9,access_voice_003,Access Voice,access_voice,Accessibility-friendly utilities,Users with vision impairments frustrated by complex accessibility apps,Voice command → simple action performed → audio feedback confirmation,TalkBack users report accessibility apps create barriers
batch-specs-010718-5233,2026-01-08T02:07:18Z,4,7.7,pack_list_004,Pack List,pack_list,Travel preparation helpers,Travelers overwhelmed by complex packing apps,Select trip type → get simple checklist → check off items → done,Travel apps criticized for cluttered overwhelming interfaces
batch-specs-010718-5233,2026-01-08T02:07:18Z,5,7.5,phone_plain_005,Phone Plain,phone_plain,Mindful digital habits,Users seeking minimal phone experience,Install launcher → phone becomes boring → reduced usage naturally,Minimal phone apps gaining popularity for reducing appeal
batch-specs-010718-5233,2026-01-08T02:07:18Z,6,7.3,room_check_006,Room Check,room_check,Home logistics simplification,Forgetful adults who lose items around house,Place item → record location → search when needed → find quickly,Home organizing apps need straightforward approaches
batch-specs-010718-5233,2026-01-08T02:07:18Z,7,7.1,sketch_snap_007,Sketch Snap,sketch_snap,Creative output tracking,Visual artists who want to capture daily sketching progress,Take photo of todays sketch → add to visual timeline → see progress over time,Creative professionals want tools focused on creative work not admin
batch-specs-010718-5233,2026-01-08T02:07:18Z,8,6.9,large_text_008,Large Text,large_text,Accessibility-friendly utilities,Users with vision difficulties needing text magnification,Point camera at text → see enlarged text instantly → read comfortably,Accessibility apps often become barriers due to complexity
batch-specs-010718-5233,2026-01-08T02:07:18Z,9,6.7,travel_weather_009,Travel Weather,travel_weather,Travel preparation helpers,Travelers who pack wrong clothes for destination weather,Enter destination and dates → see weather-based clothing suggestions → pack appropriately,Travel apps suffer from cluttered overwhelming feature sets
batch-specs-010718-5233,2026-01-08T02:07:18Z,10,6.5,app_pause_010,App Pause,app_pause,Mindful digital habits,Users who want to break autopilot app opening habits,Select distracting apps → app creates pause when opening → moment to reconsider → choose intentionally,Apps like One Sec popular for breaking autopilot scrolling habits
batch-specs-010721-3472,2026-01-08T05:21:07Z,1,8.3,quick_note_001,Quick Note,quick_note,Lightweight utility tools,People who need to capture thoughts instantly without app complexity,Open app → type/voice note → save instantly → done,Users prefer super bare bones apps over complex productivity tools
batch-specs-010721-3472,2026-01-08T05:21:07Z,2,8.1,habit_dot_002,Habit Dot,habit_dot,Wellness habit formation,Users wanting simple habit tracking without analytics overwhelm,Select single habit → mark done daily → see visual progress → maintain streak,Streaks app praised for limiting habits to prevent overwhelming yourself
batch-specs-010721-3472,2026-01-08T05:21:07Z,3,7.9,flash_simple_003,Flash Simple,flash_simple,Learning practice companions,Students and learners frustrated by complex flashcard app setup,Type question and answer → practice immediately → mark difficulty → repeat,Users complain flashcard apps require too much setup before learning
batch-specs-010721-3472,2026-01-08T05:21:07Z,4,7.7,family_when_004,Family When,family_when,Social coordination helpers,Families tired of complex calendar apps for simple coordination,Ask when is everyone free → family responds → find common time → done,Users seek simpler solutions that reduce mental load of family coordination
batch-specs-010721-3472,2026-01-08T05:21:07Z,5,7.5,bookmark_clean_005,Bookmark Clean,bookmark_clean,Personal data organization,People with cluttered browser bookmarks who need simple organization,Import bookmarks → auto-categorize → remove duplicates → export clean list,Users overwhelmed by Notion customization prefer simple organization tools
batch-specs-010721-3472,2026-01-08T05:21:07Z,6,7.3,unit_convert_006,Unit Convert,unit_convert,Lightweight utility tools,Users needing quick unit conversions without complex calculator apps,Select units → enter value → see conversion instantly → copy result,Chrome extensions show demand for simple single-purpose utilities
batch-specs-010721-3472,2026-01-08T05:21:07Z,7,7.1,word_daily_007,Word Daily,word_daily,Learning practice companions,Vocabulary learners wanting simple daily word practice,Get daily word → learn definition → practice in context → mark learned,Learning apps criticized for complex setup vs apps that just open and start
batch-specs-010721-3472,2026-01-08T05:21:07Z,8,6.9,link_save_008,Link Save,link_save,Personal data organization,Users who save links but never organize or find them later,Save link → auto-categorize by content → search when needed → find quickly,Users prefer super bare bones apps over complex organization systems
batch-specs-010721-3472,2026-01-08T05:21:07Z,9,6.7,group_split_009,Group Split,group_split,Social coordination helpers,Friends who need simple bill splitting without complex expense tracking,Enter total amount → select who pays → see individual amounts → send payment info,Social coordination apps need to reduce mental load with simple interfaces
batch-specs-010721-3472,2026-01-08T05:21:07Z,10,6.5,water_track_010,Water Track,water_track,Wellness habit formation,Users wanting simple water intake tracking without wellness app complexity,Tap to log water → see daily progress → get gentle reminders → track streak,Habit tracking apps praised for being simple enough for quick daily check-ins
factory-094718,2026-01-08,2,8.2,simple_pantry_001,SimpleStock,simplestock,Offline pantry inventory tracker with barcode scanning,Busy households who want to reduce food waste and avoid duplicate purchases,Scan barcode to add item → Set simple expiration reminder → Check inventory before shopping → Get notifications for items about to expire,App Store reviews for pantry apps show users want 'simple barcode scanner' functionality without overwhelming features. One user: 'worth trying at the free level with scanner that works great'
factory-094718,2026-01-08,4,7.8,travel_packer_002,PackEasy,packeasy,Simple offline packing checklist app with reliable data persistence,Frequent travelers frustrated with unreliable packing apps,Select trip type template → Customize packing list → Check off items as packed → Save list for future trips,PackPoint users complain: 'app has seriously become useless' due to data loss and forced list creation. Users want 'backup features' and reliable list persistence.
factory-094718,2026-01-08,6,7.5,piano_practice_003,PianoDaily,pianodaily,Simplified piano practice companion with clear daily structure,Adult beginners who tried complex piano apps and felt overwhelmed,Complete daily 10-minute lesson → Practice technique exercises → Record practice session → Track weekly progress,Piano app users report 'some beginner lessons feel intermediate' and 'lack of structure a little overwhelming'. Need for 'proper technique guidance' without complexity.
factory-094718,2026-01-08,3,8.0,kids_timer_004,VisualBell,visualbell,Simple visual countdown timer for kids activities,Parents of children ages 4-10 who need routine structure,Set timer duration with simple controls → Start visual countdown → Watch colorful progress bar → Receive gentle alert when done,"Parents want 'simple timer apps with large, easy-to-read displays' and complain about timer apps with 'too many customization options' that are confusing for kids."
factory-094718,2026-01-08,8,7.2,offline_translate_005,CameraLingo,cameralingo,Offline camera text translator with local language packs,Travelers and international students who need reliable translation without data costs,Download language pack once → Point camera at text → Tap to translate specific sections → Save translations for later reference,Google Translate users frustrated: 'automatically blocks out the original texts' and other apps 'make you upgrade after ONE translation'. Need for reliable offline camera translation.
factory-094718,2026-01-08,10,6.8,meme_soundboard_006,QuickSounds,quicksounds,Ad-free meme soundboard with guaranteed playback,Social media users and gamers who want quick access to meme sounds,Browse sound categories → Tap for instant playback → Favorite frequently used sounds → Share sounds to social apps,Soundboard users hate 'pop ups every 5 seconds' and 'TWO 15-30 second ads that you can't skip'. Want simple soundboards where 'not a single one of them would play anything' is fixed.
factory-094718,2026-01-08,1,8.5,grocery_simple_007,ListLite,listlite,Minimal grocery list app focused on simplicity,Shoppers who find current grocery apps too complicated,Add items to list → Check off while shopping → Items automatically move to history → Reuse items from history,Users prefer apps described as 'plain and simple app that leaves you in control. It's like a blank piece of lined paper' over apps with 'too much control' and 'steeper learning curves'.
factory-094718,2026-01-08,9,7.0,kids_reward_008,StarChart,starchart,Simple digital star chart for kids with minimal setup,Parents of children ages 3-8 who want simple behavior tracking,Set simple daily tasks → Tap to give stars immediately → Watch visual progress bar fill → Celebrate weekly achievements,"Parents say reward chart apps 'require a time-consuming set-up, and parents tend to quit halfway through'. Need apps that are 'easy to use' without overwhelming features."
factory-094718,2026-01-08,5,7.6,capture_notes_009,QuickCapture,quickcapture,Ultra-fast note capture app optimized for speed,Busy professionals and students who lose ideas while opening complex note apps,Open app (instant to text field) → Type or dictate note → Auto-save in background → Search all notes later,Users need apps for 'capture information quickly' that work offline. Note apps should focus on 'getting ideas down fast' without complex organization features that slow down capture.
factory-094718,2026-01-08,7,7.3,habit_visual_010,DotTracker,dottracker,Minimalist habit tracker using simple dot marking,People who abandoned complex habit tracking apps but want simple progress visualization,Add habits with simple names → Tap to mark daily completion → See visual dot pattern emerge → Maintain streaks naturally,Users want 'simple habit tracking' without 'overwhelming workflows' that make tracking feel like work itself. Need visual progress that motivates without complexity.
app_factory_222533,2026-01-08,1,8.7,pack_simple_001,PackSimple,pack_simple,Travel packing simplification,Frequent travelers frustrated with complex packing apps,Add items to packing list → Check off items as packed → Save templates for future trips → Sync across devices offline,PackPoint users complained about forced workflows and UI complexity. Users prefer straightforward solutions over bells and whistles.
app_factory_222533,2026-01-08,2,8.5,simple_timer_kids_004,Simple Timer Kids,simple_timer_kids,Kids time management tools,Parents of children aged 4-10 needing simple time management tools,Select pre-set timer → Start with one big button → Watch fun countdown animation → Celebrate completion,"Parents seek uncomplicated, child-friendly interfaces. Timer apps succeed when fun and easy-to-use rather than feature-rich."
app_factory_222533,2026-01-08,3,8.3,focus_dot_009,Focus Dot,focus_dot,Simple focus aids,Anyone needing simple focus sessions without complex productivity systems,Set focus duration → Watch dot grow slowly → Complete session or stop → Track daily focus time,Focus apps are often overwhelming with features. Users prefer simple start and stop timer functionality.
app_factory_222533,2026-01-08,4,8.2,creative_nudge_002,Creative Nudge,creative_nudge,Creative productivity,"Writers, artists, and creators struggling with consistent creative output",Receive one daily creative prompt → Complete or skip prompt → Save favorite prompts → Track creative streak,Writers need daily creative prompts and writer's block mitigation tools. Existing solutions offer too many options causing overwhelm.
app_factory_222533,2026-01-08,5,8.1,quick_note_capture_007,Quick Note Capture,quick_note_capture,Note capture utilities,Professionals and students needing immediate thought capture without app complexity,Open app instantly → Type or voice memo → One-tap save with timestamp → Find notes with simple search,Users value extensions that do one thing well and save time. Simple utilities consistently rated higher than complex alternatives.
app_factory_222533,2026-01-08,6,7.9,home_dots_003,Home Dots,home_dots,Home organization,Busy families needing simple household organization without complex systems,Set up simple household tasks → Mark tasks with colored dots → View family progress visually → Reset weekly or monthly,Home organization apps criticized for extensive customization that's overwhelming. Users want hassle-free solutions.
app_factory_222533,2026-01-08,7,7.8,word_practice_006,Word Practice,word_practice,Language learning,Language learners wanting consistent vocabulary practice without internet dependency,Download word packs offline → Practice 5-10 words daily → Track learning streak → Review difficult words,Language learners seek offline flashcards apps and study apps that work without internet. Current solutions require constant connectivity.
app_factory_222533,2026-01-08,8,7.7,family_chore_simple_010,Family Chore Simple,family_chore_simple,Family organization,Parents with children aged 6-14 needing straightforward chore management,Assign weekly chores to kids → Kids mark chores complete → Visual progress fills up → Family celebrates weekly completion,Parents seek simple chore chart apps and complain about existing apps being too complicated for family use.
app_factory_222533,2026-01-08,9,7.6,meal_simple_005,MealSimple,meal_simple,Meal planning simplification,Busy individuals overwhelmed by complex meal planning apps,Plan 7 meals for the week → Generate simple shopping list → Mark meals as completed → Repeat successful weeks,Meal planning apps are overwhelmingly complicated and users face decision paralysis from too many recipes.
app_factory_222533,2026-01-08,10,7.4,travel_essential_008,Travel Essential,travel_essential,Travel utilities,International travelers needing basic tools without internet dependency,Access offline currency converter → Use unit conversions and time zones → Reference common phrases → Check local emergency numbers,Travelers seek works on airplane apps and simple travel utilities. Current comprehensive travel apps are too complex for basic needs.
app_factory_224903,2026-01-08,1,8.9,recipe_scale_coordinator_001,Recipe Scale Coordinator,recipe_scale_coordinator,Recipe scaling and shopping coordination,Home cooks frequently adjusting recipe portions for varying family sizes or dinner guests,Enter recipe URL/scan → Input serving sizes → Auto-convert measurements → Generate shopping list → Track owned vs needed → Save successful combinations,Users report recipe scaling takes multiple steps in current apps. Meal planners require a lot of work when scaling. Paprika users frustrated that most actions take multiple steps.
app_factory_224903,2026-01-08,2,8.7,travel_booking_sync_002,Travel Booking Sync,travel_booking_sync,Multi-traveler booking coordination,"Group travel organizers coordinating flights, hotels, and activities across multiple people with different preferences and budgets",Enter trip/travelers → Research/compare options → Share for voting → Track confirmations → Coordinate payments → Generate master itinerary,Travel planners use spreadsheets for booking coordination because they need central location where bookings are without searching emails and apps.
app_factory_224903,2026-01-08,3,8.5,home_repair_sequence_003,Home Repair Sequence,home_repair_sequence,Sequential home maintenance and repair workflow coordination,"Homeowners managing complex repairs that involve multiple contractors, permits, and inspection sequences",Enter repair with photos → App suggests sequence → Track contractor quotes → Store receipts/warranties → Schedule inspections → Generate completion docs,"Homeowners struggle with hunting for receipts, work orders or warranty info causing repair delays. Manual systems make users lose important documents."
app_factory_224903,2026-01-08,4,8.3,family_logistics_central_004,Family Logistics Central,family_logistics_central,Weekly family logistics coordination,"Parents coordinating weekly logistics for families with multiple children, activities, and conflicting schedules",Input weekly activities → Identify conflicts → Generate carpool schedules → Assign responsibilities → Send reminders → Handle changes,Families struggle with dozen apps and mile-long text threads to get crew on same page. Parents juggle work and family causing organization difficulties.
app_factory_224903,2026-01-08,5,8.1,offline_vocab_builder_005,Offline Vocab Builder,offline_vocab_builder,Offline vocabulary practice with spaced repetition,Language learners with inconsistent schedules needing structured offline practice during commutes and travel,Download vocab packs → Practice with adaptive difficulty → Track learning streaks → Generate review sets → Sync progress when online,Language learners suffer from irregular practice leads to slow progress or burnout. Users need offline solutions for inconsistent schedules.
app_factory_224903,2026-01-08,6,7.9,group_meal_coordinator_006,Group Meal Coordinator,group_meal_coordinator,Meal planning for households with dietary restrictions,"Households with multiple people having different dietary restrictions, preferences, and cooking responsibilities",Input dietary needs/schedules → Generate optimized meal plan → Coordinate cooking responsibilities → Create shopping list → Track assignments → Handle substitutions,"Meal planners report having to edit meal plan to fit schedule, budget, and preferences across multiple people. Frustrated when recipe swaps affect entire coordination."
app_factory_224903,2026-01-08,7,7.7,event_vendor_coordinator_007,Event Vendor Coordinator,event_vendor_coordinator,Multi-vendor coordination for complex events,"Event planners coordinating weddings, parties, or corporate events with multiple vendors and complex timing dependencies",Enter event/vendor needs → Research/compare vendors → Coordinate schedules → Track contracts/payments → Generate master timeline → Handle changes,"Event planning requires manual coordination of vendor coordination, RSVP tracking, timeline management with complex dependency and payment coordination."
app_factory_224903,2026-01-08,8,7.5,appliance_warranty_tracker_008,Appliance Warranty Tracker,appliance_warranty_tracker,Appliance lifecycle and warranty management,"Homeowners managing multiple appliances with warranties, maintenance schedules, and repair decisions",Scan serial numbers/receipts → Set maintenance reminders → Track warranties → Document repairs → Generate warranty claims → Provide replacement recommendations,"Homeowners lose important receipts, forget maintenance dates, and struggle to locate warranty information when needed most causing hours of searching."
app_factory_224903,2026-01-08,9,7.3,moving_timeline_coordinator_009,Moving Timeline Coordinator,moving_timeline_coordinator,Multi-phase moving process coordination,"Individuals and families managing complex moves with multiple service providers, timeline dependencies, and address change coordination",Enter move dates → Create inventory → Generate utility timeline → Coordinate movers → Track address changes → Monitor logistics → Verify completion,"Moving requires manual coordination of room-by-room inventory, utility coordination, address changes across complex timelines with dependency management."
app_factory_224903,2026-01-08,10,7.1,kids_activity_scheduler_010,Kids Activity Scheduler,kids_activity_scheduler,Children activity and carpool coordination,"Parents coordinating multiple children's activities with carpools, equipment, and multi-family scheduling",Enter activities/requirements → Coordinate carpools → Track equipment needs → Generate prep schedules → Handle changes → Track costs,"Parents report family calendars quickly fill up with practices, recitals, birthday parties making coordination busy and overwhelming for multiple families."
app_factory_000033,2026-01-09,1,8.7,pocket_ledger_001,PocketLedger,pocket_ledger,Privacy-first financial tracking,Privacy-conscious individuals and families wanting financial control without data sharing,Add income/expense manually or via receipt scan → Assign to spending category/envelope → View remaining budget in real-time → Generate spending insights and trends,"Bank account linking violates ToS, creates security risks, users pay for manual alternatives"
app_factory_000033,2026-01-09,2,8.4,offline_flow_002,OfflineFlow,offline_flow,Offline-first productivity,Mobile workers and professionals in low-connectivity environments,Create tasks and notes offline → Organize with projects and contexts → Work seamlessly without connectivity → Sync when connection available,"Productivity apps requiring internet for basic functionality, sync failures causing data loss"
app_factory_000033,2026-01-09,3,8.2,crystal_scan_003,CrystalScan,crystal_scan,High-quality document scanning,"Remote workers, students, and professionals needing high-quality document digitization",Scan document preserving full resolution → Apply intelligent enhancement and cropping → Organize in folders with searchable metadata → Export in multiple formats,"Document scanners reduce image quality, professionals need full resolution for official documents"
app_factory_000033,2026-01-09,4,7.9,sync_guardian_004,SyncGuardian,sync_guardian,Multi-device sync reliability,Multi-device professionals and teams needing reliable synchronization,Create/edit documents on any device → Automatic sync with conflict detection → Review sync status and conflicts → Restore previous versions if needed,"Note sync failures causing data loss, poor conflict resolution affecting productivity"
app_factory_000033,2026-01-09,5,7.6,battery_flow_005,BatteryFlow,battery_flow,Battery-optimized mobile productivity,Field workers and mobile professionals needing all-day device operation,Track time and tasks with minimal battery impact → Take notes and manage projects efficiently → Monitor battery usage and optimize settings → Sync data when charging or on WiFi,Time tracking and productivity apps causing significant battery drain
app_factory_000033,2026-01-09,6,7.4,instant_access_006,InstantAccess,instant_access,Guest-first file sharing,Teams needing quick file sharing without account creation,Share files instantly without account creation → Recipients access files via secure link → Optionally create account for organization → Unlock premium features progressively,"File sharing apps requiring excessive permissions, onboarding friction"
app_factory_000033,2026-01-09,7,7.2,offline_navigator_007,OfflineNavigator,offline_navigator,Offline travel planning,Travelers in remote areas needing reliable offline access,Plan trip with offline map downloads → Coordinate with group via local sync → Navigate without internet connectivity → Track expenses and share costs offline,"Travel apps failing without connectivity, need for offline itinerary access"
app_factory_000033,2026-01-09,8,7.0,memory_palace_008,MemoryPalace,memory_palace,Visual content organization,Knowledge workers and researchers managing reference information,Save content with visual memory cues → Organize using spatial relationships → Search using natural language patterns → Discover related content through linking,"Bookmark folders become digital graveyards, information retrieval failure"
app_factory_000033,2026-01-09,9,6.8,private_expense_009,PrivateExpense,private_expense,Local expense splitting,Roommates and groups wanting fair expense splitting without data sharing,Enter shared expenses manually → Add participants and contributions → Calculate splits with multiple methods → Share results via text or image,"Bill splitting apps requiring excessive permissions, privacy concerns"
app_factory_000033,2026-01-09,10,6.5,local_voice_010,LocalVoice,local_voice,Private voice transcription,Professionals in confidential environments needing meeting documentation,Record voice memo locally on device → Process transcription using local AI → Edit and organize transcribed content → Export notes while keeping audio private,"Voice transcription requires cloud processing, confidentiality concerns"
